Model,MAE,RMSE,MAPE (%),Forecast M1,Forecast M2,Forecast M3
SARIMA,13337.53,13340.86,14.81,64488.83,104250.75,96396.28
Prophet,20296.01,22487.47,21.89,51083.66,90045.4,89661.19
XGBoost,23835.45,29464.49,23.28,66634.5390625,69623.3515625,70652.421875
